women,men,key,created_at
яат,ыоап,A755D328,2026-01-11 22:45:59
Ульянка,Ванек,57DE39AB,2026-01-11 22:48:20
aerg,qerg,73CDAFFE,2026-01-12 01:37:27
фап,фавп,ABFFE3A1,2026-01-12 01:49:05
sgh,shtgf,9588D7B2,2026-01-12 01:54:27
sdfv,afdb,17586E6A,2026-01-12 01:56:11
arg,adrg,AB652B04,2026-01-12 02:25:46
ыекр,ыерк,99E57BBC,2026-01-12 02:28:25
йука,йуи,AC033E95,2026-01-12 02:34:07
фре,фер,17A8F2F3,2026-01-12 02:39:54
Ульяночка,Иванеллоо,9BD91612,2026-01-12 02:41:45
вфаи,фам,AA817109,2026-01-12 02:59:08
фвам,фавм,D7147F37,2026-01-12 03:03:08
фымв,фывм,A06E104C,2026-01-12 03:09:37
afdb,adfb,E1D67E4D,2026-01-12 03:15:22
рпаа,рпп,65CB5714,2026-01-12 03:17:03
ерфер,фер,8918AA60,2026-01-12 17:09:58
areg,aerg,EB54A0BB,2026-01-12 17:14:03
afdb,afbd,8DBA2794,2026-01-12 17:16:34
adfbg,adfh,04E9C263,2026-01-12 17:18:33
rgqe,qgrfgqer,5C690BFE,2026-01-12 17:21:08
aeht,aeth,C78518CA,2026-01-12 21:01:09
srjy,sryj,FB3B94E8,2026-01-12 21:02:33
xfhm,sktydxhfn,D4B2024C,2026-01-12 21:21:10
rayh,atehn,EA43E4F4,2026-01-12 21:27:31
Ульяна,Ваня,CB8BE4AF,2026-01-12 21:35:30
Ульянка,Ваня,8D8F892D,2026-01-12 21:50:01
Войти по ключу,8D8F892D,76F8510D,2026-01-12 21:50:39
ото,оо,3402359E,2026-01-12 22:08:17
bbd,hdhdh,D5F1C2CD,2026-01-12 22:33:42
фукрр,фуеритфкеееееееееееееееееееееееееееееееееееееееееееееееееееееееееееее,1A1BCB93,2026-01-12 22:52:04
Ульяна,Ваня,F722A1F9,2026-01-12 22:53:11
вооаоа,оаоааооа,340DABBF,2026-01-12 22:55:02
оалала,вооаоа,9FF5775C,2026-01-12 23:09:24
татараоа,оаоаоа,A689387E,2026-01-12 23:10:22
тата,воовоа,315AD8F1,2026-01-12 23:10:29
bdhd,hdhdh,AFEF325B,2026-01-12 23:16:16
дмщ,шммш,217F4AB6,2026-01-12 23:33:50
Ульяна,Иван,0FB53981,2026-01-12 23:35:11
